"","PC1","PC2","PC3"
"Standard deviation",2.10562253214916,1.35074136591023,1.149978849784
"Proportion of Variance",0.40306,0.16586,0.12022
"Cumulative Proportion",0.40306,0.56892,0.68915
