"","PC1","PC2","PC3"
"Standard deviation",1.92618973304741,1.50376254130949,1.36298808205628
"Proportion of Variance",0.17668,0.10768,0.08846
"Cumulative Proportion",0.17668,0.28436,0.37282
