"","Taxon Alpha","Functional Alpha","Phylo Alpha"
"Taxon Alpha",1,0.937260770937772,0.837749954246667
"Functional Alpha",0.937260770937772,1,0.764605960423663
"Phylo Alpha",0.837749954246667,0.764605960423663,1
